{
  "scenario": "b",
  "cost_per_side_pct": 0.0015,
  "short_funding_apr": 0.05,
  "v13_main_overrides": {
    "bull_min": 0.86,
    "bull_max": 0.98,
    "bull_floor": 0.46,
    "addon_floor": 0.62,
    "range_alloc": 0.16,
    "range_boost": 0.04,
    "regime_hyst": 0.4,
    "regime_confirm": 2,
    "regime_stay": 2,
    "cooldown": 8,
    "bear_floor": 0.95
  },
  "results": [
    {
      "window": "ALL",
      "profile": "v8",
      "trade_count": 92,
      "win_rate": 0.4891304347826087,
      "pf": 1.7760901050632543,
      "max_dd": 516.1213271974998,
      "net_pnl": 2243.4463286274995,
      "excess": -37150.542456672876,
      "benchmark_net": 39393.988785300375,
      "report_json": "strategies/spot_btc_conservative_v1/reports/replay_v8_10k_20180101_20260228_20260301_040705.json",
      "report_md": "strategies/spot_btc_conservative_v1/reports/replay_v8_10k_20180101_20260228_20260301_040705.md"
    },
    {
      "window": "ALL",
      "profile": "v9",
      "trade_count": 157,
      "win_rate": 0.445859872611465,
      "pf": 1.4321998113737893,
      "max_dd": 2746.6443359839996,
      "net_pnl": 4235.432698555501,
      "excess": -35158.55608674487,
      "benchmark_net": 39393.988785300375,
      "report_json": "strategies/spot_btc_conservative_v1/reports/replay_v9_10k_20180101_20260228_20260301_040956.json",
      "report_md": "strategies/spot_btc_conservative_v1/reports/replay_v9_10k_20180101_20260228_20260301_040956.md"
    },
    {
      "window": "ALL",
      "profile": "v10",
      "trade_count": 15,
      "win_rate": 0.3333333333333333,
      "pf": 1.7082301253009506,
      "max_dd": 25652.927546136925,
      "net_pnl": 18417.548671791945,
      "excess": -20976.44011350843,
      "benchmark_net": 39393.988785300375,
      "report_json": "strategies/spot_btc_conservative_v1/reports/replay_v10_10k_20180101_20260228_20260301_041159.json",
      "report_md": "strategies/spot_btc_conservative_v1/reports/replay_v10_10k_20180101_20260228_20260301_041159.md"
    },
    {
      "window": "ALL",
      "profile": "v11",
      "trade_count": 890,
      "win_rate": 0.3550561797752809,
      "pf": 1.1396808236921578,
      "max_dd": 13313.8392117707,
      "net_pnl": 18247.26942007404,
      "excess": -21146.719365226334,
      "benchmark_net": 39393.988785300375,
      "report_json": "strategies/spot_btc_conservative_v1/reports/replay_v11_10k_20180101_20260228_20260301_041217.json",
      "report_md": "strategies/spot_btc_conservative_v1/reports/replay_v11_10k_20180101_20260228_20260301_041217.md"
    },
    {
      "window": "ALL",
      "profile": "v12",
      "trade_count": 498,
      "win_rate": 0.3654618473895582,
      "pf": 1.3109949756017483,
      "max_dd": 5451.18146616629,
      "net_pnl": 16293.004548976212,
      "excess": -23100.984236324162,
      "benchmark_net": 39393.988785300375,
      "report_json": "strategies/spot_btc_conservative_v1/reports/replay_v12_10k_20180101_20260228_20260301_041232.json",
      "report_md": "strategies/spot_btc_conservative_v1/reports/replay_v12_10k_20180101_20260228_20260301_041232.md"
    },
    {
      "window": "ALL",
      "profile": "v13",
      "trade_count": 592,
      "win_rate": 0.3597972972972973,
      "pf": 1.2169776503277305,
      "max_dd": 7568.1119193765135,
      "net_pnl": 15379.217993713824,
      "excess": -24014.77079158655,
      "benchmark_net": 39393.988785300375,
      "report_json": "strategies/spot_btc_conservative_v1/reports/replay_v13_10k_20180101_20260228_20260301_041247.json",
      "report_md": "strategies/spot_btc_conservative_v1/reports/replay_v13_10k_20180101_20260228_20260301_041247.md"
    },
    {
      "window": "A",
      "profile": "v8",
      "trade_count": 9,
      "win_rate": 0.3333333333333333,
      "pf": 0.7709111861448952,
      "max_dd": 351.6554134025001,
      "net_pnl": -104.90860017500005,
      "excess": -24629.43439450039,
      "benchmark_net": 24524.52579432539,
      "report_json": "strategies/spot_btc_conservative_v1/reports/replay_v8_10k_20180101_20211231_20260301_041327.json",
      "report_md": "strategies/spot_btc_conservative_v1/reports/replay_v8_10k_20180101_20211231_20260301_041327.md"
    },
    {
      "window": "A",
      "profile": "v9",
      "trade_count": 74,
      "win_rate": 0.3783783783783784,
      "pf": 1.2561547298208195,
      "max_dd": 2746.6443359839996,
      "net_pnl": 1887.077769752999,
      "excess": -22637.44802457239,
      "benchmark_net": 24524.52579432539,
      "report_json": "strategies/spot_btc_conservative_v1/reports/replay_v9_10k_20180101_20211231_20260301_041551.json",
      "report_md": "strategies/spot_btc_conservative_v1/reports/replay_v9_10k_20180101_20211231_20260301_041551.md"
    },
    {
      "window": "A",
      "profile": "v10",
      "trade_count": 10,
      "win_rate": 0.3,
      "pf": 0.969914548481551,
      "max_dd": 24434.18407630311,
      "net_pnl": -728.6166581136054,
      "excess": -25253.142452438995,
      "benchmark_net": 24524.52579432539,
      "report_json": "strategies/spot_btc_conservative_v1/reports/replay_v10_10k_20180101_20211231_20260301_041734.json",
      "report_md": "strategies/spot_btc_conservative_v1/reports/replay_v10_10k_20180101_20211231_20260301_041734.md"
    },
    {
      "window": "A",
      "profile": "v11",
      "trade_count": 404,
      "win_rate": 0.3688118811881188,
      "pf": 1.1578963270522122,
      "max_dd": 13313.8392117707,
      "net_pnl": 11185.049455426744,
      "excess": -13339.476338898645,
      "benchmark_net": 24524.52579432539,
      "report_json": "strategies/spot_btc_conservative_v1/reports/replay_v11_10k_20180101_20211231_20260301_041739.json",
      "report_md": "strategies/spot_btc_conservative_v1/reports/replay_v11_10k_20180101_20211231_20260301_041739.md"
    },
    {
      "window": "A",
      "profile": "v12",
      "trade_count": 223,
      "win_rate": 0.39461883408071746,
      "pf": 1.4581683128585596,
      "max_dd": 5451.18146616629,
      "net_pnl": 11953.612986984584,
      "excess": -12570.912807340805,
      "benchmark_net": 24524.52579432539,
      "report_json": "strategies/spot_btc_conservative_v1/reports/replay_v12_10k_20180101_20211231_20260301_041743.json",
      "report_md": "strategies/spot_btc_conservative_v1/reports/replay_v12_10k_20180101_20211231_20260301_041743.md"
    },
    {
      "window": "A",
      "profile": "v13",
      "trade_count": 267,
      "win_rate": 0.36329588014981273,
      "pf": 1.3080882348028278,
      "max_dd": 5470.622650159346,
      "net_pnl": 11563.214784321464,
      "excess": -12961.311010003925,
      "benchmark_net": 24524.52579432539,
      "report_json": "strategies/spot_btc_conservative_v1/reports/replay_v13_10k_20180101_20211231_20260301_041747.json",
      "report_md": "strategies/spot_btc_conservative_v1/reports/replay_v13_10k_20180101_20211231_20260301_041747.md"
    },
    {
      "window": "B",
      "profile": "v8",
      "trade_count": 27,
      "win_rate": 0.48148148148148145,
      "pf": 1.5026232885447255,
      "max_dd": 450.29762997999995,
      "net_pnl": 398.2493104099993,
      "excess": 1397.8401968411797,
      "benchmark_net": -999.5908864311805,
      "report_json": "strategies/spot_btc_conservative_v1/reports/replay_v8_10k_20220101_20231231_20260301_041829.json",
      "report_md": "strategies/spot_btc_conservative_v1/reports/replay_v8_10k_20220101_20231231_20260301_041829.md"
    },
    {
      "window": "B",
      "profile": "v9",
      "trade_count": 27,
      "win_rate": 0.48148148148148145,
      "pf": 1.5026232885447255,
      "max_dd": 450.29762997999995,
      "net_pnl": 398.2493104099993,
      "excess": 1397.8401968411797,
      "benchmark_net": -999.5908864311805,
      "report_json": "strategies/spot_btc_conservative_v1/reports/replay_v9_10k_20220101_20231231_20260301_042054.json",
      "report_md": "strategies/spot_btc_conservative_v1/reports/replay_v9_10k_20220101_20231231_20260301_042054.md"
    },
    {
      "window": "B",