{
  "generated_at_utc": "2026-02-27T12:11:37.66480074Z",
  "version": "v7_1",
  "selected_timeframe": "1w",
  "selection_reason": "日线判定不稳定或区分度不足，自动切换周线主判定；日线仅用于执行级别",
  "daily_best": {
    "timeframe": "1d",
    "params": {
      "ema200_slope_bull_min": 0.0004,
      "ema200_slope_bear_max": -0.0002,
      "return_bull_min": 0.1,
      "return_bear_max": -0.1,
      "drawdown_bear_min": 0.3,
      "vol_range_max": 0.03,
      "regime_min_confirm_bars": 3
    },
    "objective": 0.7181064128957071,
    "label_score": 0.8570597399103196,
    "trade_score": 0.58877927000482,
    "stability": 0.42105263157894735,
    "prior_penalty": 0.052119129438717104,
    "profitability": 0.45107617703539055,
    "switches": 11,
    "bull_share": 0.7743413516609393,
    "bear_share": 0.2222222222222222,
    "range_share": 0.003436426116838488
  },
  "weekly_best": {
    "timeframe": "1w",
    "params": {
      "ema200_slope_bull_min": 0.0002,
      "ema200_slope_bear_max": -0.0002,
      "return_bull_min": 0.1,
      "return_bear_max": -0.1,
      "drawdown_bear_min": 0.3,
      "vol_range_max": 0.03,
      "regime_min_confirm_bars": 3
    },
    "objective": 0.8107335488748133,
    "label_score": 0.919883711340207,
    "trade_score": 0.6729220596485238,
    "stability": 0.8,
    "prior_penalty": 0.18421052631578952,
    "profitability": 0.49004857985193057,
    "switches": 2,
    "bull_share": 0.8315789473684211,
    "bear_share": 0.14736842105263157,
    "range_share": 0.021052631578947368
  },
  "top_candidates": [
    {
      "timeframe": "1w",
      "params": {
        "ema200_slope_bull_min": 0.0002,
        "ema200_slope_bear_max": -0.0002,
        "return_bull_min": 0.1,
        "return_bear_max": -0.1,
        "drawdown_bear_min": 0.3,
        "vol_range_max": 0.03,
        "regime_min_confirm_bars": 3
      },
      "objective": 0.8107335488748133,
      "label_score": 0.919883711340207,
      "trade_score": 0.6729220596485238,
      "stability": 0.8,
      "prior_penalty": 0.18421052631578952,
      "profitability": 0.49004857985193057,
      "switches": 2,
      "bull_share": 0.8315789473684211,
      "bear_share": 0.14736842105263157,
      "range_share": 0.021052631578947368
    },
    {
      "timeframe": "1w",
      "params": {
        "ema200_slope_bull_min": 0.0004,
        "ema200_slope_bear_max": -0.0002,
        "return_bull_min": 0.1,
        "return_bear_max": -0.1,
        "drawdown_bear_min": 0.3,
        "vol_range_max": 0.03,
        "regime_min_confirm_bars": 3
      },
      "objective": 0.8107335488748133,
      "label_score": 0.919883711340207,
      "trade_score": 0.6729220596485238,
      "stability": 0.8,
      "prior_penalty": 0.18421052631578952,
      "profitability": 0.49004857985193057,
      "switches": 2,
      "bull_share": 0.8315789473684211,
      "bear_share": 0.14736842105263157,
      "range_share": 0.021052631578947368
    },
    {
      "timeframe": "1w",
      "params": {
        "ema200_slope_bull_min": 0.0004,
        "ema200_slope_bear_max": -0.0002,
        "return_bull_min": 0.1,
        "return_bear_max": -0.1,
        "drawdown_bear_min": 0.2,
        "vol_range_max": 0.03,
        "regime_min_confirm_bars": 3
      },
      "objective": 0.8106174767098648,
      "label_score": 0.919625773195877,
      "trade_score": 0.6729220596485238,
      "stability": 0.8,
      "prior_penalty": 0.18421052631578952,
      "profitability": 0.49004857985193057,
      "switches": 2,
      "bull_share": 0.8315789473684211,
      "bear_share": 0.14736842105263157,
      "range_share": 0.021052631578947368
    },
    {
      "timeframe": "1w",
      "params": {
        "ema200_slope_bull_min": 0.0002,
        "ema200_slope_bear_max": -0.0002,
        "return_bull_min": 0.1,
        "return_bear_max": -0.1,
        "drawdown_bear_min": 0.2,
        "vol_range_max": 0.03,
        "regime_min_confirm_bars": 3
      },
      "objective": 0.8106174767098648,
      "label_score": 0.919625773195877,
      "trade_score": 0.6729220596485238,
      "stability": 0.8,
      "prior_penalty": 0.18421052631578952,
      "profitability": 0.49004857985193057,
      "switches": 2,
      "bull_share": 0.8315789473684211,
      "bear_share": 0.14736842105263157,
      "range_share": 0.021052631578947368
    },
    {
      "timeframe": "1w",
      "params": {
        "ema200_slope_bull_min": 0.0002,
        "ema200_slope_bear_max": -0.0002,
        "return_bull_min": 0.1,
        "return_bear_max": -0.1,
        "drawdown_bear_min": 0.3,
        "vol_range_max": 0.03,
        "regime_min_confirm_bars": 2
      },
      "objective": 0.8097717108390022,
      "label_score": 0.9158749484536092,
      "trade_score": 0.6729220596485238,
      "stability": 0.8,
      "prior_penalty": 0.17368421052631583,
      "profitability": 0.49004857985193057,
      "switches": 2,
      "bull_share": 0.8315789473684211,
      "bear_share": 0.15789473684210525,
      "range_share": 0.010526315789473684
    },
    {
      "timeframe": "1w",
      "params": {
        "ema200_slope_bull_min": 0.0004,
        "ema200_slope_bear_max": -0.0002,
        "return_bull_min": 0.1,
        "return_bear_max": -0.1,
        "drawdown_bear_min": 0.3,
        "vol_range_max": 0.03,
        "regime_min_confirm_bars": 2
      },
      "objective": 0.8097717108390022,
      "label_score": 0.9158749484536092,
      "trade_score": 0.6729220596485238,
      "stability": 0.8,
      "prior_penalty": 0.17368421052631583,
      "profitability": 0.49004857985193057,
      "switches": 2,
      "bull_share": 0.8315789473684211,
      "bear_share": 0.15789473684210525,
      "range_share": 0.010526315789473684
    },
    {
      "timeframe": "1w",
      "params": {
        "ema200_slope_bull_min": 0.0002,
        "ema200_slope_bear_max": -0.0002,
        "return_bull_min": 0.1,
        "return_bear_max": -0.1,
        "drawdown_bear_min": 0.2,
        "vol_range_max": 0.03,
        "regime_min_confirm_bars": 2
      },
      "objective": 0.8095944015606515,
      "label_score": 0.9154809278350522,
      "trade_score": 0.6729220596485238,
      "stability": 0.8,
      "prior_penalty": 0.17368421052631583,
      "profitability": 0.49004857985193057,
      "switches": 2,
      "bull_share": 0.8315789473684211,
      "bear_share": 0.15789473684210525,
      "range_share": 0.010526315789473684
    },
    {
      "timeframe": "1w",
      "params": {
        "ema200_slope_bull_min": 0.0004,
        "ema200_slope_bear_max": -0.0002,
        "return_bull_min": 0.1,
        "return_bear_max": -0.1,
        "drawdown_bear_min": 0.2,
        "vol_range_max": 0.03,
        "regime_min_confirm_bars": 2
      },
      "objective": 0.8095944015606515,
      "label_score": 0.9154809278350522,
      "trade_score": 0.6729220596485238,
      "stability": 0.8,
      "prior_penalty": 0.17368421052631583,
      "profitability": 0.49004857985193057,
      "switches": 2,
      "bull_share": 0.8315789473684211,
      "bear_share": 0.15789473684210525,
      "range_share": 0.010526315789473684
    },
    {
      "timeframe": "1d",
      "params": {
        "ema200_slope_bull_min": 0.0004,
        "ema200_slope_bear_max": -0.0002,
        "return_bull_min": 0.1,
        "return_bear_max": -0.1,
        "drawdown_bear_min": 0.3,
        "vol_range_max": 0.03,
        "regime_min_confirm_bars": 3
      },
      "objective": 0.7181064128957071,
      "label_score": 0.8570597399103196,
      "trade_score": 0.58877927000482,
      "stability": 0.42105263157894735,
      "prior_penalty": 0.052119129438717104,
      "profitability": 0.45107617703539055,
      "switches": 11,
      "bull_share": 0.7743413516609393,
      "bear_share": 0.2222222222222222,
      "range_share": 0.003436426116838488
    },
    {
      "timeframe": "1d",
      "params": {
        "ema200_slope_bull_min": 0.0002,
        "ema200_slope_bear_max": -0.0002,
        "return_bull_min": 0.1,
        "return_bear_max": -0.1,
        "drawdown_bear_min": 0.3,