{
  "generated_at_utc": "2026-02-28T09:13:31.398777325Z",
  "version": "v7_1",
  "selected_timeframe": "1w",
  "selection_reason": "日线判定不稳定或区分度不足，自动切换周线主判定；日线仅用于执行级别",
  "daily_best": {
    "timeframe": "1d",
    "params": {
      "ema200_slope_bull_min": 0.0002,
      "ema200_slope_bear_max": -0.0002,
      "return_bull_min": 0.1,
      "return_bear_max": -0.1,
      "drawdown_bear_min": 0.3,
      "vol_range_max": 0.03,
      "regime_min_confirm_bars": 2
    },
    "objective": 0.746374968910346,
    "label_score": 0.8607672847533689,
    "trade_score": 0.67983750160301,
    "stability": 0.38095238095238093,
    "prior_penalty": 0.057846506300114564,
    "profitability": 0.5124045746689291,
    "switches": 13,
    "bull_share": 0.7777777777777778,
    "bear_share": 0.21993127147766323,
    "range_share": 0.002290950744558992
  },
  "weekly_best": {
    "timeframe": "1w",
    "params": {
      "ema200_slope_bull_min": 0.0002,
      "ema200_slope_bear_max": -0.0002,
      "return_bull_min": 0.1,
      "return_bear_max": -0.1,
      "drawdown_bear_min": 0.3,
      "vol_range_max": 0.03,
      "regime_min_confirm_bars": 3
    },
    "objective": 0.8546012880396715,
    "label_score": 0.919883711340207,
    "trade_score": 0.7982584572624044,
    "stability": 0.8,
    "prior_penalty": 0.18421052631578952,
    "profitability": 0.5448829143323077,
    "switches": 2,
    "bull_share": 0.8315789473684211,
    "bear_share": 0.14736842105263157,
    "range_share": 0.021052631578947368
  },
  "top_candidates": [
    {
      "timeframe": "1w",
      "params": {
        "ema200_slope_bull_min": 0.0002,
        "ema200_slope_bear_max": -0.0002,
        "return_bull_min": 0.1,
        "return_bear_max": -0.1,
        "drawdown_bear_min": 0.3,
        "vol_range_max": 0.03,
        "regime_min_confirm_bars": 3
      },
      "objective": 0.8546012880396715,
      "label_score": 0.919883711340207,
      "trade_score": 0.7982584572624044,
      "stability": 0.8,
      "prior_penalty": 0.18421052631578952,
      "profitability": 0.5448829143323077,
      "switches": 2,
      "bull_share": 0.8315789473684211,
      "bear_share": 0.14736842105263157,
      "range_share": 0.021052631578947368
    },
    {
      "timeframe": "1w",
      "params": {
        "ema200_slope_bull_min": 0.0004,
        "ema200_slope_bear_max": -0.0002,
        "return_bull_min": 0.1,
        "return_bear_max": -0.1,
        "drawdown_bear_min": 0.3,
        "vol_range_max": 0.03,
        "regime_min_confirm_bars": 3
      },
      "objective": 0.8546012880396715,
      "label_score": 0.919883711340207,
      "trade_score": 0.7982584572624044,
      "stability": 0.8,
      "prior_penalty": 0.18421052631578952,
      "profitability": 0.5448829143323077,
      "switches": 2,
      "bull_share": 0.8315789473684211,
      "bear_share": 0.14736842105263157,
      "range_share": 0.021052631578947368
    },
    {
      "timeframe": "1w",
      "params": {
        "ema200_slope_bull_min": 0.0004,
        "ema200_slope_bear_max": -0.0002,
        "return_bull_min": 0.1,
        "return_bear_max": -0.1,
        "drawdown_bear_min": 0.2,
        "vol_range_max": 0.03,
        "regime_min_confirm_bars": 3
      },
      "objective": 0.854485215874723,
      "label_score": 0.919625773195877,
      "trade_score": 0.7982584572624044,
      "stability": 0.8,
      "prior_penalty": 0.18421052631578952,
      "profitability": 0.5448829143323077,
      "switches": 2,
      "bull_share": 0.8315789473684211,
      "bear_share": 0.14736842105263157,
      "range_share": 0.021052631578947368
    },
    {
      "timeframe": "1w",
      "params": {
        "ema200_slope_bull_min": 0.0002,
        "ema200_slope_bear_max": -0.0002,
        "return_bull_min": 0.1,
        "return_bear_max": -0.1,
        "drawdown_bear_min": 0.2,
        "vol_range_max": 0.03,
        "regime_min_confirm_bars": 3
      },
      "objective": 0.854485215874723,
      "label_score": 0.919625773195877,
      "trade_score": 0.7982584572624044,
      "stability": 0.8,
      "prior_penalty": 0.18421052631578952,
      "profitability": 0.5448829143323077,
      "switches": 2,
      "bull_share": 0.8315789473684211,
      "bear_share": 0.14736842105263157,
      "range_share": 0.021052631578947368
    },
    {
      "timeframe": "1w",
      "params": {
        "ema200_slope_bull_min": 0.0002,
        "ema200_slope_bear_max": -0.0002,
        "return_bull_min": 0.1,
        "return_bear_max": -0.1,
        "drawdown_bear_min": 0.3,
        "vol_range_max": 0.03,
        "regime_min_confirm_bars": 2
      },
      "objective": 0.8536394500038604,
      "label_score": 0.9158749484536092,
      "trade_score": 0.7982584572624044,
      "stability": 0.8,
      "prior_penalty": 0.17368421052631583,
      "profitability": 0.5448829143323077,
      "switches": 2,
      "bull_share": 0.8315789473684211,
      "bear_share": 0.15789473684210525,
      "range_share": 0.010526315789473684
    },
    {
      "timeframe": "1w",
      "params": {
        "ema200_slope_bull_min": 0.0004,
        "ema200_slope_bear_max": -0.0002,
        "return_bull_min": 0.1,
        "return_bear_max": -0.1,
        "drawdown_bear_min": 0.3,
        "vol_range_max": 0.03,
        "regime_min_confirm_bars": 2
      },
      "objective": 0.8536394500038604,
      "label_score": 0.9158749484536092,
      "trade_score": 0.7982584572624044,
      "stability": 0.8,
      "prior_penalty": 0.17368421052631583,
      "profitability": 0.5448829143323077,
      "switches": 2,
      "bull_share": 0.8315789473684211,
      "bear_share": 0.15789473684210525,
      "range_share": 0.010526315789473684
    },
    {
      "timeframe": "1w",
      "params": {
        "ema200_slope_bull_min": 0.0002,
        "ema200_slope_bear_max": -0.0002,
        "return_bull_min": 0.1,
        "return_bear_max": -0.1,
        "drawdown_bear_min": 0.2,
        "vol_range_max": 0.03,
        "regime_min_confirm_bars": 2
      },
      "objective": 0.8534621407255099,
      "label_score": 0.9154809278350522,
      "trade_score": 0.7982584572624044,
      "stability": 0.8,
      "prior_penalty": 0.17368421052631583,
      "profitability": 0.5448829143323077,
      "switches": 2,
      "bull_share": 0.8315789473684211,
      "bear_share": 0.15789473684210525,
      "range_share": 0.010526315789473684
    },
    {
      "timeframe": "1w",
      "params": {
        "ema200_slope_bull_min": 0.0004,
        "ema200_slope_bear_max": -0.0002,
        "return_bull_min": 0.1,
        "return_bear_max": -0.1,
        "drawdown_bear_min": 0.2,
        "vol_range_max": 0.03,
        "regime_min_confirm_bars": 2
      },
      "objective": 0.8534621407255099,
      "label_score": 0.9154809278350522,
      "trade_score": 0.7982584572624044,
      "stability": 0.8,
      "prior_penalty": 0.17368421052631583,
      "profitability": 0.5448829143323077,
      "switches": 2,
      "bull_share": 0.8315789473684211,
      "bear_share": 0.15789473684210525,
      "range_share": 0.010526315789473684
    },
    {
      "timeframe": "1d",
      "params": {
        "ema200_slope_bull_min": 0.0002,
        "ema200_slope_bear_max": -0.0002,
        "return_bull_min": 0.1,
        "return_bear_max": -0.1,
        "drawdown_bear_min": 0.3,
        "vol_range_max": 0.03,
        "regime_min_confirm_bars": 2
      },
      "objective": 0.746374968910346,
      "label_score": 0.8607672847533689,
      "trade_score": 0.67983750160301,
      "stability": 0.38095238095238093,
      "prior_penalty": 0.057846506300114564,
      "profitability": 0.5124045746689291,
      "switches": 13,
      "bull_share": 0.7777777777777778,
      "bear_share": 0.21993127147766323,
      "range_share": 0.002290950744558992
    },
    {
      "timeframe": "1d",
      "params": {
        "ema200_slope_bull_min": 0.0004,
        "ema200_slope_bear_max": -0.0002,
        "return_bull_min": 0.1,
        "return_bear_max": -0.1,
        "drawdown_bear_min": 0.3,