{
  "generated_at_utc": "2026-02-27T14:14:30.970202381Z",
  "version": "v7",
  "selected_timeframe": "1d",
  "selection_reason": "日线切换稳定且可区分 bull/bear，采用日线主判定",
  "daily_best": {
    "timeframe": "1d",
    "params": {
      "ema200_slope_bull_min": 0.0002,
      "ema200_slope_bear_max": -0.0002,
      "return_bull_min": 0.1,
      "return_bear_max": -0.1,
      "drawdown_bear_min": 0.3,
      "vol_range_max": 0.03,
      "regime_min_confirm_bars": 2
    },
    "objective": 0.7829987629362785,
    "label_score": 0.9421534936998854,
    "trade_score": 0.67983750160301,
    "stability": 0.38095238095238093,
    "prior_penalty": 0.057846506300114564,
    "profitability": 0.5124045746689291,
    "switches": 13,
    "bull_share": 0.7777777777777778,
    "bear_share": 0.21993127147766323,
    "range_share": 0.002290950744558992
  },
  "weekly_best": {
    "timeframe": "1w",
    "params": {
      "ema200_slope_bull_min": 0.0002,
      "ema200_slope_bear_max": -0.0002,
      "return_bull_min": 0.1,
      "return_bear_max": -0.1,
      "drawdown_bear_min": 0.2,
      "vol_range_max": 0.03,
      "regime_min_confirm_bars": 2
    },
    "objective": 0.8133378284628942,
    "label_score": 0.8263157894736841,
    "trade_score": 0.7982584572624044,
    "stability": 0.8,
    "prior_penalty": 0.17368421052631583,
    "profitability": 0.5448829143323077,
    "switches": 2,
    "bull_share": 0.8315789473684211,
    "bear_share": 0.15789473684210525,
    "range_share": 0.010526315789473684
  },
  "top_candidates": [
    {
      "timeframe": "1w",
      "params": {
        "ema200_slope_bull_min": 0.0002,
        "ema200_slope_bear_max": -0.0002,
        "return_bull_min": 0.1,
        "return_bear_max": -0.1,
        "drawdown_bear_min": 0.2,
        "vol_range_max": 0.03,
        "regime_min_confirm_bars": 2
      },
      "objective": 0.8133378284628942,
      "label_score": 0.8263157894736841,
      "trade_score": 0.7982584572624044,
      "stability": 0.8,
      "prior_penalty": 0.17368421052631583,
      "profitability": 0.5448829143323077,
      "switches": 2,
      "bull_share": 0.8315789473684211,
      "bear_share": 0.15789473684210525,
      "range_share": 0.010526315789473684
    },
    {
      "timeframe": "1w",
      "params": {
        "ema200_slope_bull_min": 0.0004,
        "ema200_slope_bear_max": -0.0002,
        "return_bull_min": 0.1,
        "return_bear_max": -0.1,
        "drawdown_bear_min": 0.3,
        "vol_range_max": 0.03,
        "regime_min_confirm_bars": 2
      },
      "objective": 0.8133378284628942,
      "label_score": 0.8263157894736841,
      "trade_score": 0.7982584572624044,
      "stability": 0.8,
      "prior_penalty": 0.17368421052631583,
      "profitability": 0.5448829143323077,
      "switches": 2,
      "bull_share": 0.8315789473684211,
      "bear_share": 0.15789473684210525,
      "range_share": 0.010526315789473684
    },
    {
      "timeframe": "1w",
      "params": {
        "ema200_slope_bull_min": 0.0004,
        "ema200_slope_bear_max": -0.0002,
        "return_bull_min": 0.1,
        "return_bear_max": -0.1,
        "drawdown_bear_min": 0.2,
        "vol_range_max": 0.03,
        "regime_min_confirm_bars": 2
      },
      "objective": 0.8133378284628942,
      "label_score": 0.8263157894736841,
      "trade_score": 0.7982584572624044,
      "stability": 0.8,
      "prior_penalty": 0.17368421052631583,
      "profitability": 0.5448829143323077,
      "switches": 2,
      "bull_share": 0.8315789473684211,
      "bear_share": 0.15789473684210525,
      "range_share": 0.010526315789473684
    },
    {
      "timeframe": "1w",
      "params": {
        "ema200_slope_bull_min": 0.0002,
        "ema200_slope_bear_max": -0.0002,
        "return_bull_min": 0.1,
        "return_bear_max": -0.1,
        "drawdown_bear_min": 0.3,
        "vol_range_max": 0.03,
        "regime_min_confirm_bars": 2
      },
      "objective": 0.8133378284628942,
      "label_score": 0.8263157894736841,
      "trade_score": 0.7982584572624044,
      "stability": 0.8,
      "prior_penalty": 0.17368421052631583,
      "profitability": 0.5448829143323077,
      "switches": 2,
      "bull_share": 0.8315789473684211,
      "bear_share": 0.15789473684210525,
      "range_share": 0.010526315789473684
    },
    {
      "timeframe": "1w",
      "params": {
        "ema200_slope_bull_min": 0.0002,
        "ema200_slope_bear_max": -0.0002,
        "return_bull_min": 0.1,
        "return_bear_max": -0.1,
        "drawdown_bear_min": 0.2,
        "vol_range_max": 0.03,
        "regime_min_confirm_bars": 3
      },
      "objective": 0.8077588810944731,
      "label_score": 0.8157894736842105,
      "trade_score": 0.7982584572624044,
      "stability": 0.8,
      "prior_penalty": 0.18421052631578952,
      "profitability": 0.5448829143323077,
      "switches": 2,
      "bull_share": 0.8315789473684211,
      "bear_share": 0.14736842105263157,
      "range_share": 0.021052631578947368
    },
    {
      "timeframe": "1w",
      "params": {
        "ema200_slope_bull_min": 0.0002,
        "ema200_slope_bear_max": -0.0002,
        "return_bull_min": 0.1,
        "return_bear_max": -0.1,
        "drawdown_bear_min": 0.3,
        "vol_range_max": 0.03,
        "regime_min_confirm_bars": 3
      },
      "objective": 0.8077588810944731,
      "label_score": 0.8157894736842105,
      "trade_score": 0.7982584572624044,
      "stability": 0.8,
      "prior_penalty": 0.18421052631578952,
      "profitability": 0.5448829143323077,
      "switches": 2,
      "bull_share": 0.8315789473684211,
      "bear_share": 0.14736842105263157,
      "range_share": 0.021052631578947368
    },
    {
      "timeframe": "1w",
      "params": {
        "ema200_slope_bull_min": 0.0004,
        "ema200_slope_bear_max": -0.0002,
        "return_bull_min": 0.1,
        "return_bear_max": -0.1,
        "drawdown_bear_min": 0.2,
        "vol_range_max": 0.03,
        "regime_min_confirm_bars": 3
      },
      "objective": 0.8077588810944731,
      "label_score": 0.8157894736842105,
      "trade_score": 0.7982584572624044,
      "stability": 0.8,
      "prior_penalty": 0.18421052631578952,
      "profitability": 0.5448829143323077,
      "switches": 2,
      "bull_share": 0.8315789473684211,
      "bear_share": 0.14736842105263157,
      "range_share": 0.021052631578947368
    },
    {
      "timeframe": "1w",
      "params": {
        "ema200_slope_bull_min": 0.0004,
        "ema200_slope_bear_max": -0.0002,
        "return_bull_min": 0.1,
        "return_bear_max": -0.1,
        "drawdown_bear_min": 0.3,
        "vol_range_max": 0.03,
        "regime_min_confirm_bars": 3
      },
      "objective": 0.8077588810944731,
      "label_score": 0.8157894736842105,
      "trade_score": 0.7982584572624044,
      "stability": 0.8,
      "prior_penalty": 0.18421052631578952,
      "profitability": 0.5448829143323077,
      "switches": 2,
      "bull_share": 0.8315789473684211,
      "bear_share": 0.14736842105263157,
      "range_share": 0.021052631578947368
    },
    {
      "timeframe": "1d",
      "params": {
        "ema200_slope_bull_min": 0.0002,
        "ema200_slope_bear_max": -0.0002,
        "return_bull_min": 0.1,
        "return_bear_max": -0.1,
        "drawdown_bear_min": 0.3,
        "vol_range_max": 0.03,
        "regime_min_confirm_bars": 2
      },
      "objective": 0.7829987629362785,
      "label_score": 0.9421534936998854,
      "trade_score": 0.67983750160301,
      "stability": 0.38095238095238093,
      "prior_penalty": 0.057846506300114564,
      "profitability": 0.5124045746689291,
      "switches": 13,
      "bull_share": 0.7777777777777778,
      "bear_share": 0.21993127147766323,
      "range_share": 0.002290950744558992
    },
    {
      "timeframe": "1d",
      "params": {
        "ema200_slope_bull_min": 0.0002,
        "ema200_slope_bear_max": -0.0002,
        "return_bull_min": 0.1,
        "return_bear_max": -0.1,
        "drawdown_bear_min": 0.2,