{
  "generated_at_utc": "2026-02-27T11:32:18.116719748Z",
  "selected_timeframe": "1w",
  "selection_reason": "日线判定不稳定或区分度不足，自动切换周线主判定；日线仅用于执行级别",
  "daily_best": {
    "timeframe": "1d",
    "params": {
      "ema200_slope_bull_min": 0.0004,
      "ema200_slope_bear_max": -0.0002,
      "return_bull_min": 0.1,
      "return_bear_max": -0.1,
      "drawdown_bear_min": 0.3,
      "vol_range_max": 0.03,
      "regime_min_confirm_bars": 3
    },
    "objective": 0.6083203086952713,
    "stability": 0.42105263157894735,
    "prior_penalty": 0.052119129438717104,
    "profitability": 0.49410064513300556,
    "switches": 11,
    "bull_share": 0.7743413516609393,
    "bear_share": 0.2222222222222222,
    "range_share": 0.003436426116838488
  },
  "weekly_best": {
    "timeframe": "1w",
    "params": {
      "ema200_slope_bull_min": 0.0002,
      "ema200_slope_bear_max": -0.0002,
      "return_bull_min": 0.1,
      "return_bear_max": -0.1,
      "drawdown_bear_min": 0.2,
      "vol_range_max": 0.03,
      "regime_min_confirm_bars": 2
    },
    "objective": 0.7058479025750284,
    "stability": 0.8,
    "prior_penalty": 0.17368421052631583,
    "profitability": 0.5448829143323077,
    "switches": 2,
    "bull_share": 0.8315789473684211,
    "bear_share": 0.15789473684210525,
    "range_share": 0.010526315789473684
  },
  "top_candidates": [
    {
      "timeframe": "1w",
      "params": {
        "ema200_slope_bull_min": 0.0002,
        "ema200_slope_bear_max": -0.0002,
        "return_bull_min": 0.1,
        "return_bear_max": -0.1,
        "drawdown_bear_min": 0.2,
        "vol_range_max": 0.03,
        "regime_min_confirm_bars": 2
      },
      "objective": 0.7058479025750284,
      "stability": 0.8,
      "prior_penalty": 0.17368421052631583,
      "profitability": 0.5448829143323077,
      "switches": 2,
      "bull_share": 0.8315789473684211,
      "bear_share": 0.15789473684210525,
      "range_share": 0.010526315789473684
    },
    {
      "timeframe": "1w",
      "params": {
        "ema200_slope_bull_min": 0.0004,
        "ema200_slope_bear_max": -0.0002,
        "return_bull_min": 0.1,
        "return_bear_max": -0.1,
        "drawdown_bear_min": 0.3,
        "vol_range_max": 0.03,
        "regime_min_confirm_bars": 2
      },
      "objective": 0.7058479025750284,
      "stability": 0.8,
      "prior_penalty": 0.17368421052631583,
      "profitability": 0.5448829143323077,
      "switches": 2,
      "bull_share": 0.8315789473684211,
      "bear_share": 0.15789473684210525,
      "range_share": 0.010526315789473684
    },
    {
      "timeframe": "1w",
      "params": {
        "ema200_slope_bull_min": 0.0004,
        "ema200_slope_bear_max": -0.0002,
        "return_bull_min": 0.1,
        "return_bear_max": -0.1,
        "drawdown_bear_min": 0.2,
        "vol_range_max": 0.03,
        "regime_min_confirm_bars": 2
      },
      "objective": 0.7058479025750284,
      "stability": 0.8,
      "prior_penalty": 0.17368421052631583,
      "profitability": 0.5448829143323077,
      "switches": 2,
      "bull_share": 0.8315789473684211,
      "bear_share": 0.15789473684210525,
      "range_share": 0.010526315789473684
    },
    {
      "timeframe": "1w",
      "params": {
        "ema200_slope_bull_min": 0.0002,
        "ema200_slope_bear_max": -0.0002,
        "return_bull_min": 0.1,
        "return_bear_max": -0.1,
        "drawdown_bear_min": 0.3,
        "vol_range_max": 0.03,
        "regime_min_confirm_bars": 2
      },
      "objective": 0.7058479025750284,
      "stability": 0.8,
      "prior_penalty": 0.17368421052631583,
      "profitability": 0.5448829143323077,
      "switches": 2,
      "bull_share": 0.8315789473684211,
      "bear_share": 0.15789473684210525,
      "range_share": 0.010526315789473684
    },
    {
      "timeframe": "1w",
      "params": {
        "ema200_slope_bull_min": 0.0002,
        "ema200_slope_bear_max": -0.0002,
        "return_bull_min": 0.1,
        "return_bear_max": -0.1,
        "drawdown_bear_min": 0.2,
        "vol_range_max": 0.03,
        "regime_min_confirm_bars": 3
      },
      "objective": 0.7026900078381862,
      "stability": 0.8,
      "prior_penalty": 0.18421052631578952,
      "profitability": 0.5448829143323077,
      "switches": 2,
      "bull_share": 0.8315789473684211,
      "bear_share": 0.14736842105263157,
      "range_share": 0.021052631578947368
    },
    {
      "timeframe": "1w",
      "params": {
        "ema200_slope_bull_min": 0.0002,
        "ema200_slope_bear_max": -0.0002,
        "return_bull_min": 0.1,
        "return_bear_max": -0.1,
        "drawdown_bear_min": 0.3,
        "vol_range_max": 0.03,
        "regime_min_confirm_bars": 3
      },
      "objective": 0.7026900078381862,
      "stability": 0.8,
      "prior_penalty": 0.18421052631578952,
      "profitability": 0.5448829143323077,
      "switches": 2,
      "bull_share": 0.8315789473684211,
      "bear_share": 0.14736842105263157,
      "range_share": 0.021052631578947368
    },
    {
      "timeframe": "1w",
      "params": {
        "ema200_slope_bull_min": 0.0004,
        "ema200_slope_bear_max": -0.0002,
        "return_bull_min": 0.1,
        "return_bear_max": -0.1,
        "drawdown_bear_min": 0.2,
        "vol_range_max": 0.03,
        "regime_min_confirm_bars": 3
      },
      "objective": 0.7026900078381862,
      "stability": 0.8,
      "prior_penalty": 0.18421052631578952,
      "profitability": 0.5448829143323077,
      "switches": 2,
      "bull_share": 0.8315789473684211,
      "bear_share": 0.14736842105263157,
      "range_share": 0.021052631578947368
    },
    {
      "timeframe": "1w",
      "params": {
        "ema200_slope_bull_min": 0.0004,
        "ema200_slope_bear_max": -0.0002,
        "return_bull_min": 0.1,
        "return_bear_max": -0.1,
        "drawdown_bear_min": 0.3,
        "vol_range_max": 0.03,
        "regime_min_confirm_bars": 3
      },
      "objective": 0.7026900078381862,
      "stability": 0.8,
      "prior_penalty": 0.18421052631578952,
      "profitability": 0.5448829143323077,
      "switches": 2,
      "bull_share": 0.8315789473684211,
      "bear_share": 0.14736842105263157,
      "range_share": 0.021052631578947368
    },
    {
      "timeframe": "1d",
      "params": {
        "ema200_slope_bull_min": 0.0004,
        "ema200_slope_bear_max": -0.0002,
        "return_bull_min": 0.1,
        "return_bear_max": -0.1,
        "drawdown_bear_min": 0.3,
        "vol_range_max": 0.03,
        "regime_min_confirm_bars": 3
      },
      "objective": 0.6083203086952713,
      "stability": 0.42105263157894735,
      "prior_penalty": 0.052119129438717104,
      "profitability": 0.49410064513300556,
      "switches": 11,
      "bull_share": 0.7743413516609393,
      "bear_share": 0.2222222222222222,
      "range_share": 0.003436426116838488
    },
    {
      "timeframe": "1d",
      "params": {
        "ema200_slope_bull_min": 0.0004,
        "ema200_slope_bear_max": -0.0002,
        "return_bull_min": 0.1,
        "return_bear_max": -0.1,
        "drawdown_bear_min": 0.2,
        "vol_range_max": 0.03,
        "regime_min_confirm_bars": 3
      },
      "objective": 0.6041387603869184,
      "stability": 0.4,
      "prior_penalty": 0.04295532646048114,
      "profitability": 0.4925633958126567,
      "switches": 12,
      "bull_share": 0.7674684994272624,
      "bear_share": 0.22451317296678122,
      "range_share": 0.008018327605956471
    },
    {
      "timeframe": "1d",
      "params": {
        "ema200_slope_bull_min": 0.0002,
        "ema200_slope_bear_max": -0.0002,
        "return_bull_min": 0.1,
        "return_bear_max": -0.1,
        "drawdown_bear_min": 0.3,
        "vol_range_max": 0.03,
        "regime_min_confirm_bars": 2
      },
      "objective": 0.6018935922632516,
      "stability": 0.38095238095238093,
      "prior_penalty": 0.057846506300114564,
      "profitability": 0.5124045746689291,
      "switches": 13,
      "bull_share": 0.7777777777777778,