{
  "generated_at_utc": "2026-02-27T12:12:14.664343668Z",
  "version": "v7",
  "selected_timeframe": "1d",
  "selection_reason": "日线切换稳定且可区分 bull/bear，采用日线主判定",
  "daily_best": {
    "timeframe": "1d",
    "params": {
      "ema200_slope_bull_min": 0.0004,
      "ema200_slope_bear_max": -0.0002,
      "return_bull_min": 0.1,
      "return_bear_max": -0.1,
      "drawdown_bear_min": 0.2,
      "vol_range_max": 0.03,
      "regime_min_confirm_bars": 3
    },
    "objective": 0.7608295445332097,
    "label_score": 0.9570446735395188,
    "trade_score": 0.587416764449328,
    "stability": 0.4,
    "prior_penalty": 0.04295532646048114,
    "profitability": 0.45012460498241386,
    "switches": 12,
    "bull_share": 0.7674684994272624,
    "bear_share": 0.22451317296678122,
    "range_share": 0.008018327605956471
  },
  "weekly_best": {
    "timeframe": "1w",
    "params": {
      "ema200_slope_bull_min": 0.0002,
      "ema200_slope_bear_max": -0.0002,
      "return_bull_min": 0.1,
      "return_bear_max": -0.1,
      "drawdown_bear_min": 0.2,
      "vol_range_max": 0.03,
      "regime_min_confirm_bars": 2
    },
    "objective": 0.769470089298036,
    "label_score": 0.8263157894736841,
    "trade_score": 0.6729220596485238,
    "stability": 0.8,
    "prior_penalty": 0.17368421052631583,
    "profitability": 0.49004857985193057,
    "switches": 2,
    "bull_share": 0.8315789473684211,
    "bear_share": 0.15789473684210525,
    "range_share": 0.010526315789473684
  },
  "top_candidates": [
    {
      "timeframe": "1w",
      "params": {
        "ema200_slope_bull_min": 0.0002,
        "ema200_slope_bear_max": -0.0002,
        "return_bull_min": 0.1,
        "return_bear_max": -0.1,
        "drawdown_bear_min": 0.2,
        "vol_range_max": 0.03,
        "regime_min_confirm_bars": 2
      },
      "objective": 0.769470089298036,
      "label_score": 0.8263157894736841,
      "trade_score": 0.6729220596485238,
      "stability": 0.8,
      "prior_penalty": 0.17368421052631583,
      "profitability": 0.49004857985193057,
      "switches": 2,
      "bull_share": 0.8315789473684211,
      "bear_share": 0.15789473684210525,
      "range_share": 0.010526315789473684
    },
    {
      "timeframe": "1w",
      "params": {
        "ema200_slope_bull_min": 0.0004,
        "ema200_slope_bear_max": -0.0002,
        "return_bull_min": 0.1,
        "return_bear_max": -0.1,
        "drawdown_bear_min": 0.3,
        "vol_range_max": 0.03,
        "regime_min_confirm_bars": 2
      },
      "objective": 0.769470089298036,
      "label_score": 0.8263157894736841,
      "trade_score": 0.6729220596485238,
      "stability": 0.8,
      "prior_penalty": 0.17368421052631583,
      "profitability": 0.49004857985193057,
      "switches": 2,
      "bull_share": 0.8315789473684211,
      "bear_share": 0.15789473684210525,
      "range_share": 0.010526315789473684
    },
    {
      "timeframe": "1w",
      "params": {
        "ema200_slope_bull_min": 0.0004,
        "ema200_slope_bear_max": -0.0002,
        "return_bull_min": 0.1,
        "return_bear_max": -0.1,
        "drawdown_bear_min": 0.2,
        "vol_range_max": 0.03,
        "regime_min_confirm_bars": 2
      },
      "objective": 0.769470089298036,
      "label_score": 0.8263157894736841,
      "trade_score": 0.6729220596485238,
      "stability": 0.8,
      "prior_penalty": 0.17368421052631583,
      "profitability": 0.49004857985193057,
      "switches": 2,
      "bull_share": 0.8315789473684211,
      "bear_share": 0.15789473684210525,
      "range_share": 0.010526315789473684
    },
    {
      "timeframe": "1w",
      "params": {
        "ema200_slope_bull_min": 0.0002,
        "ema200_slope_bear_max": -0.0002,
        "return_bull_min": 0.1,
        "return_bear_max": -0.1,
        "drawdown_bear_min": 0.3,
        "vol_range_max": 0.03,
        "regime_min_confirm_bars": 2
      },
      "objective": 0.769470089298036,
      "label_score": 0.8263157894736841,
      "trade_score": 0.6729220596485238,
      "stability": 0.8,
      "prior_penalty": 0.17368421052631583,
      "profitability": 0.49004857985193057,
      "switches": 2,
      "bull_share": 0.8315789473684211,
      "bear_share": 0.15789473684210525,
      "range_share": 0.010526315789473684
    },
    {
      "timeframe": "1w",
      "params": {
        "ema200_slope_bull_min": 0.0002,
        "ema200_slope_bear_max": -0.0002,
        "return_bull_min": 0.1,
        "return_bear_max": -0.1,
        "drawdown_bear_min": 0.2,
        "vol_range_max": 0.03,
        "regime_min_confirm_bars": 3
      },
      "objective": 0.7638911419296149,
      "label_score": 0.8157894736842105,
      "trade_score": 0.6729220596485238,
      "stability": 0.8,
      "prior_penalty": 0.18421052631578952,
      "profitability": 0.49004857985193057,
      "switches": 2,
      "bull_share": 0.8315789473684211,
      "bear_share": 0.14736842105263157,
      "range_share": 0.021052631578947368
    },
    {
      "timeframe": "1w",
      "params": {
        "ema200_slope_bull_min": 0.0002,
        "ema200_slope_bear_max": -0.0002,
        "return_bull_min": 0.1,
        "return_bear_max": -0.1,
        "drawdown_bear_min": 0.3,
        "vol_range_max": 0.03,
        "regime_min_confirm_bars": 3
      },
      "objective": 0.7638911419296149,
      "label_score": 0.8157894736842105,
      "trade_score": 0.6729220596485238,
      "stability": 0.8,
      "prior_penalty": 0.18421052631578952,
      "profitability": 0.49004857985193057,
      "switches": 2,
      "bull_share": 0.8315789473684211,
      "bear_share": 0.14736842105263157,
      "range_share": 0.021052631578947368
    },
    {
      "timeframe": "1w",
      "params": {
        "ema200_slope_bull_min": 0.0004,
        "ema200_slope_bear_max": -0.0002,
        "return_bull_min": 0.1,
        "return_bear_max": -0.1,
        "drawdown_bear_min": 0.2,
        "vol_range_max": 0.03,
        "regime_min_confirm_bars": 3
      },
      "objective": 0.7638911419296149,
      "label_score": 0.8157894736842105,
      "trade_score": 0.6729220596485238,
      "stability": 0.8,
      "prior_penalty": 0.18421052631578952,
      "profitability": 0.49004857985193057,
      "switches": 2,
      "bull_share": 0.8315789473684211,
      "bear_share": 0.14736842105263157,
      "range_share": 0.021052631578947368
    },
    {
      "timeframe": "1w",
      "params": {
        "ema200_slope_bull_min": 0.0004,
        "ema200_slope_bear_max": -0.0002,
        "return_bull_min": 0.1,
        "return_bear_max": -0.1,
        "drawdown_bear_min": 0.3,
        "vol_range_max": 0.03,
        "regime_min_confirm_bars": 3
      },
      "objective": 0.7638911419296149,
      "label_score": 0.8157894736842105,
      "trade_score": 0.6729220596485238,
      "stability": 0.8,
      "prior_penalty": 0.18421052631578952,
      "profitability": 0.49004857985193057,
      "switches": 2,
      "bull_share": 0.8315789473684211,
      "bear_share": 0.14736842105263157,
      "range_share": 0.021052631578947368
    },
    {
      "timeframe": "1d",
      "params": {
        "ema200_slope_bull_min": 0.0004,
        "ema200_slope_bear_max": -0.0002,
        "return_bull_min": 0.1,
        "return_bear_max": -0.1,
        "drawdown_bear_min": 0.2,
        "vol_range_max": 0.03,
        "regime_min_confirm_bars": 3
      },
      "objective": 0.7608295445332097,
      "label_score": 0.9570446735395188,
      "trade_score": 0.587416764449328,
      "stability": 0.4,
      "prior_penalty": 0.04295532646048114,
      "profitability": 0.45012460498241386,
      "switches": 12,
      "bull_share": 0.7674684994272624,
      "bear_share": 0.22451317296678122,
      "range_share": 0.008018327605956471
    },
    {
      "timeframe": "1d",
      "params": {
        "ema200_slope_bull_min": 0.0004,
        "ema200_slope_bear_max": -0.0002,
        "return_bull_min": 0.1,
        "return_bear_max": -0.1,
        "drawdown_bear_min": 0.3,
        "vol_range_max": 0.03,