{
  "generated_at_utc": "2026-02-27T11:30:10.976758827Z",
  "selected_timeframe": "1d",
  "selection_reason": "日线切换稳定且可区分 bull/bear，采用日线主判定",
  "daily_best": {
    "timeframe": "1d",
    "params": {
      "ema200_slope_bull_min": 0.0004,
      "ema200_slope_bear_max": -0.0002,
      "return_bull_min": 0.1,
      "return_bear_max": -0.1,
      "drawdown_bear_min": 0.3,
      "vol_range_max": 0.03,
      "regime_min_confirm_bars": 3
    },
    "objective": 0.6075955423604111,
    "stability": 0.42105263157894735,
    "prior_penalty": 0.05453501722158441,
    "profitability": 0.49410064513300556,
    "switches": 11,
    "bull_share": 0.7761194029850746,
    "bear_share": 0.22158438576349024,
    "range_share": 0.002296211251435132
  },
  "weekly_best": {
    "timeframe": "",
    "params": {
      "ema200_slope_bull_min": 0,
      "ema200_slope_bear_max": 0,
      "return_bull_min": 0,
      "return_bear_max": 0,
      "drawdown_bear_min": 0,
      "vol_range_max": 0,
      "regime_min_confirm_bars": 0
    },
    "objective": 0,
    "stability": 0,
    "prior_penalty": 0,
    "profitability": 0,
    "switches": 0,
    "bull_share": 0,
    "bear_share": 0,
    "range_share": 0
  },
  "top_candidates": [
    {
      "timeframe": "1d",
      "params": {
        "ema200_slope_bull_min": 0.0004,
        "ema200_slope_bear_max": -0.0002,
        "return_bull_min": 0.1,
        "return_bear_max": -0.1,
        "drawdown_bear_min": 0.3,
        "vol_range_max": 0.03,
        "regime_min_confirm_bars": 3
      },
      "objective": 0.6075955423604111,
      "stability": 0.42105263157894735,
      "prior_penalty": 0.05453501722158441,
      "profitability": 0.49410064513300556,
      "switches": 11,
      "bull_share": 0.7761194029850746,
      "bear_share": 0.22158438576349024,
      "range_share": 0.002296211251435132
    },
    {
      "timeframe": "1d",
      "params": {
        "ema200_slope_bull_min": 0.0004,
        "ema200_slope_bear_max": -0.0002,
        "return_bull_min": 0.1,
        "return_bear_max": -0.1,
        "drawdown_bear_min": 0.2,
        "vol_range_max": 0.03,
        "regime_min_confirm_bars": 3
      },
      "objective": 0.6034203066603094,
      "stability": 0.4,
      "prior_penalty": 0.04535017221584389,
      "profitability": 0.4925633958126567,
      "switches": 12,
      "bull_share": 0.7692307692307693,
      "bear_share": 0.22388059701492538,
      "range_share": 0.006888633754305396
    },
    {
      "timeframe": "1d",
      "params": {
        "ema200_slope_bull_min": 0.0002,
        "ema200_slope_bear_max": -0.0002,
        "return_bull_min": 0.1,
        "return_bear_max": -0.1,
        "drawdown_bear_min": 0.3,
        "vol_range_max": 0.03,
        "regime_min_confirm_bars": 2
      },
      "objective": 0.6011648805482342,
      "stability": 0.38095238095238093,
      "prior_penalty": 0.060275545350172155,
      "profitability": 0.5124045746689291,
      "switches": 13,
      "bull_share": 0.7795637198622273,
      "bear_share": 0.21928817451205512,
      "range_share": 0.001148105625717566
    },
    {
      "timeframe": "1d",
      "params": {
        "ema200_slope_bull_min": 0.0002,
        "ema200_slope_bear_max": -0.0002,
        "return_bull_min": 0.1,
        "return_bear_max": -0.1,
        "drawdown_bear_min": 0.2,
        "vol_range_max": 0.03,
        "regime_min_confirm_bars": 2
      },
      "objective": 0.5962952345507945,
      "stability": 0.36363636363636365,
      "prior_penalty": 0.04879448909299655,
      "profitability": 0.504606680469461,
      "switches": 14,
      "bull_share": 0.7715269804822044,
      "bear_share": 0.2227324913892078,
      "range_share": 0.0057405281285878304
    },
    {
      "timeframe": "1d",
      "params": {
        "ema200_slope_bull_min": 0.0002,
        "ema200_slope_bear_max": -0.0002,
        "return_bull_min": 0.1,
        "return_bear_max": -0.1,
        "drawdown_bear_min": 0.3,
        "vol_range_max": 0.03,
        "regime_min_confirm_bars": 3
      },
      "objective": 0.592383748537695,
      "stability": 0.38095238095238093,
      "prior_penalty": 0.0706084959816303,
      "profitability": 0.49820145761617485,
      "switches": 13,
      "bull_share": 0.7841561423650976,
      "bear_share": 0.21354764638346727,
      "range_share": 0.002296211251435132
    },
    {
      "timeframe": "1d",
      "params": {
        "ema200_slope_bull_min": 0.0002,
        "ema200_slope_bear_max": -0.0002,
        "return_bull_min": 0.1,
        "return_bear_max": -0.1,
        "drawdown_bear_min": 0.2,
        "vol_range_max": 0.03,
        "regime_min_confirm_bars": 3
      },
      "objective": 0.5900182673276276,
      "stability": 0.36363636363636365,
      "prior_penalty": 0.05912743972445467,
      "profitability": 0.4966639753851374,
      "switches": 14,
      "bull_share": 0.7761194029850746,
      "bear_share": 0.21699196326061998,
      "range_share": 0.006888633754305396
    },
    {
      "timeframe": "1d",
      "params": {
        "ema200_slope_bull_min": 0.0004,
        "ema200_slope_bear_max": -0.0002,
        "return_bull_min": 0.1,
        "return_bear_max": -0.1,
        "drawdown_bear_min": 0.3,
        "vol_range_max": 0.03,
        "regime_min_confirm_bars": 2
      },
      "objective": 0.589275822859731,
      "stability": 0.34782608695652173,
      "prior_penalty": 0.06027554535017218,
      "profitability": 0.5075266509445653,
      "switches": 15,
      "bull_share": 0.7784156142365097,
      "bear_share": 0.21814006888633755,
      "range_share": 0.003444316877152698
    },
    {
      "timeframe": "1d",
      "params": {
        "ema200_slope_bull_min": 0.0004,
        "ema200_slope_bear_max": -0.0002,
        "return_bull_min": 0.1,
        "return_bear_max": -0.1,
        "drawdown_bear_min": 0.2,
        "vol_range_max": 0.03,
        "regime_min_confirm_bars": 2
      },
      "objective": 0.5789378362511927,
      "stability": 0.3076923076923077,
      "prior_penalty": 0.044202066590126265,
      "profitability": 0.49972690980134554,
      "switches": 18,
      "bull_share": 0.7669345579793341,
      "bear_share": 0.2227324913892078,
      "range_share": 0.010332950631458095
    }
  ],
  "daily_segments": [
    {
      "start": "2023-10-11",
      "end": "2023-10-12",
      "regime": "RANGE",
      "confidence": 0.6499999999999999,
      "score": 0.8999999999999999
    },
    {
      "start": "2023-10-13",
      "end": "2023-10-17",
      "regime": "BEAR",
      "confidence": 0.595,
      "score": 0.6699999999999999
    },
    {
      "start": "2023-10-18",
      "end": "2024-07-10",
      "regime": "BULL",
      "confidence": 0.9343445692883913,
      "score": 0.9764044943820226
    },
    {
      "start": "2024-07-11",
      "end": "2024-07-16",
      "regime": "BEAR",
      "confidence": 0.755,
      "score": 0.7666666666666666
    },
    {
      "start": "2024-07-17",
      "end": "2024-08-19",
      "regime": "BULL",
      "confidence": 0.8069117647058827,
      "score": 0.8147058823529411
    },
    {
      "start": "2024-08-20",
      "end": "2024-08-24",
      "regime": "BEAR",
      "confidence": 0.7150000000000001,
      "score": 0.7899999999999999
    },
    {
      "start": "2024-08-25",
      "end": "2024-08-28",
      "regime": "BULL",
      "confidence": 0.65625,
      "score": 0.6124999999999999
    },
    {
      "start": "2024-08-29",
      "end": "2024-09-19",
      "regime": "BEAR",
      "confidence": 0.7204545454545456,
      "score": 0.765909090909091
    },
    {
      "start": "2024-09-20",
      "end": "2025-03-12",
      "regime": "BULL",
      "confidence": 0.9097988505747127,
      "score": 0.9183908045977015
    },
    {
      "start": "2025-03-13",
      "end": "2025-04-23",
      "regime": "BEAR",
      "confidence": 0.6751190476190478,
      "score": 0.6607142857142854
    },
    {
      "start": "2025-04-24",
      "end": "2025-11-06",
      "regime": "BULL",
      "confidence": 0.8393908629441612,